-- phpMyAdmin SQL Dump
-- version 4.9.0.1
-- https://www.phpmyadmin.net/
--
-- Host: 127.0.0.1
-- Waktu pembuatan: 10 Mar 2020 pada 03.52
-- Versi server: 10.4.6-MariaDB
-- Versi PHP: 7.3.8

SET SQL_MODE = "NO_AUTO_VALUE_ON_ZERO";
SET AUTOCOMMIT = 0;
START TRANSACTION;
SET time_zone = "+00:00";


/*!40101 SET @OLD_CHARACTER_SET_CLIENT=@@CHARACTER_SET_CLIENT */;
/*!40101 SET @OLD_CHARACTER_SET_RESULTS=@@CHARACTER_SET_RESULTS */;
/*!40101 SET @OLD_COLLATION_CONNECTION=@@COLLATION_CONNECTION */;
/*!40101 SET NAMES utf8mb4 */;

--
-- Database: `db_kasir`
--

-- --------------------------------------------------------

--
-- Struktur dari tabel `admin`
--

CREATE TABLE `admin` (
  `id` int(11) NOT NULL,
  `nama_lengkap` varchar(100) NOT NULL,
  `notlp` varchar(100) NOT NULL,
  `username` varchar(100) NOT NULL,
  `password` varchar(255) NOT NULL,
  `level` varchar(100) NOT NULL,
  `created` datetime NOT NULL DEFAULT current_timestamp(),
  `modifed` datetime NOT NULL DEFAULT current_timestamp() ON UPDATE current_timestamp()
) ENGINE=InnoDB DEFAULT CHARSET=latin1;

--
-- Dumping data untuk tabel `admin`
--

INSERT INTO `admin` (`id`, `nama_lengkap`, `notlp`, `username`, `password`, `level`, `created`, `modifed`) VALUES
(1, 'Administrator', '0863284823', 'admin', '0192023a7bbd73250516f069df18b500', '1', '2020-01-29 16:26:37', '2020-02-24 15:49:05'),
(2, 'udin', '07480573', 'kasir', 'c7911af3adbd12a035b289556d96470a', '2', '2020-02-10 00:28:28', '2020-02-24 15:49:08');

-- --------------------------------------------------------

--
-- Struktur dari tabel `barang`
--

CREATE TABLE `barang` (
  `id` int(11) NOT NULL,
  `nama_barang` varchar(100) NOT NULL,
  `ukuran` varchar(100) NOT NULL,
  `kode` varchar(100) NOT NULL,
  `satuan` varchar(30) NOT NULL,
  `harga_barang` int(35) NOT NULL,
  `stok_barang` int(35) NOT NULL,
  `created` datetime NOT NULL DEFAULT current_timestamp(),
  `modifed` datetime NOT NULL DEFAULT current_timestamp() ON UPDATE current_timestamp()
) ENGINE=InnoDB DEFAULT CHARSET=latin1;

--
-- Dumping data untuk tabel `barang`
--

INSERT INTO `barang` (`id`, `nama_barang`, `ukuran`, `kode`, `satuan`, `harga_barang`, `stok_barang`, `created`, `modifed`) VALUES
(28, 'HOLLOW HITAM', '4 x 6', 'ROSE PINK (201)', 'PC', 100000, 54, '2020-02-22 15:39:49', '2020-03-10 01:29:51'),
(29, 'HOLLOW GALVANIS', '2 x 2', 'COKLAT (1.70)', 'PC', 35000, 17, '2020-02-22 15:40:29', '2020-03-10 01:31:51'),
(30, 'PIPA HITAM', 'SEDANG', '', 'PC', 24000, 8, '2020-02-22 15:40:51', '2020-03-10 01:30:47'),
(31, 'BEHEL', '1½', 'UNGU MUDA (1.30)', 'LBR', 30000, 19, '2020-02-22 15:41:16', '2020-03-10 01:31:51'),
(32, 'CAT SILVER', '', 'SILVER METALLIC (ZT 685)', 'LBR', 60000, 55, '2020-02-22 15:42:49', '2020-03-10 01:31:51'),
(33, 'CAT SUPER GLOSS', '', 'TWILLIGHT BLUE (ZT 64)', 'PC', 40000, 34, '2020-02-22 15:54:27', '2020-02-27 23:37:55');

-- --------------------------------------------------------

--
-- Struktur dari tabel `kategori`
--

CREATE TABLE `kategori` (
  `id` int(11) NOT NULL,
  `barang` varchar(255) NOT NULL,
  `created` datetime NOT NULL DEFAULT current_timestamp(),
  `updated` datetime NOT NULL DEFAULT current_timestamp() ON UPDATE current_timestamp()
) ENGINE=InnoDB DEFAULT CHARSET=latin1;

--
-- Dumping data untuk tabel `kategori`
--

INSERT INTO `kategori` (`id`, `barang`, `created`, `updated`) VALUES
(1, 'HOLLOW HITAM', '2020-02-07 23:25:11', '2020-02-07 23:25:11'),
(9, 'HOLLOW GALVANIS', '2020-02-08 00:50:08', '2020-02-08 00:50:08'),
(56, 'PIPA HITAM', '2020-02-21 09:55:20', '2020-02-21 09:55:20'),
(57, 'PIPA GALVANIS', '2020-02-21 09:55:34', '2020-02-21 09:55:34'),
(58, 'BAJA RINGAN', '2020-02-21 09:56:03', '2020-02-21 09:56:03'),
(59, 'BEHEL', '2020-02-21 09:58:22', '2020-02-21 09:58:22'),
(60, 'KUSEN HENDERSON', '2020-02-21 09:59:02', '2020-02-21 09:59:02'),
(61, 'TALANG', '2020-02-21 09:59:21', '2020-02-21 09:59:21'),
(62, 'JALOSI', '2020-02-21 09:59:35', '2020-02-21 09:59:35'),
(63, 'PALANG PINGGIR', '2020-02-21 10:00:01', '2020-02-21 10:00:01'),
(64, 'PALANG TENGAH', '2020-02-21 10:00:13', '2020-02-21 10:00:13'),
(65, 'BAKI POLOS', '2020-02-21 10:00:35', '2020-02-21 10:00:35'),
(66, 'BAKI MOTIF', '2020-02-21 10:00:46', '2020-02-21 10:00:46'),
(67, 'KUSEN', '2020-02-21 10:01:09', '2020-02-21 10:01:09'),
(68, 'RODA', '2020-02-21 10:01:24', '2020-02-21 10:01:24'),
(69, 'CAT FANCY TINT', '2020-02-21 10:01:30', '2020-02-21 19:07:12'),
(70, 'RODA ETALASE', '2020-02-21 10:02:32', '2020-02-21 10:02:32'),
(71, 'RODA HIDUP', '2020-02-21 10:02:43', '2020-02-21 10:02:43'),
(72, 'RODA MATI', '2020-02-21 10:02:50', '2020-02-21 10:02:50'),
(73, 'RODA REM', '2020-02-21 10:02:57', '2020-02-21 10:02:57'),
(74, 'KAWAT LAS ARGON', '2020-02-21 10:03:38', '2020-02-21 10:03:38'),
(75, 'NEKO POLOS', '2020-02-21 10:05:32', '2020-02-21 10:05:32'),
(76, 'NEKO ULIR', '2020-02-21 10:05:42', '2020-02-21 10:05:42'),
(77, 'MATA BOR BESI', '2020-02-21 10:06:20', '2020-02-21 10:06:20'),
(78, 'PLAT STRIP', '2020-02-21 10:07:07', '2020-02-21 10:07:07'),
(79, 'PLAT BORDES', '2020-02-21 10:07:23', '2020-02-21 10:07:23'),
(80, 'BATOK', '2020-02-21 10:07:38', '2020-02-21 10:07:38'),
(81, 'MAHKOTA', '2020-02-21 10:07:47', '2020-02-21 10:07:47'),
(82, 'DOP', '2020-02-21 10:07:52', '2020-02-21 10:07:52'),
(83, 'UNP', '2020-02-21 10:08:09', '2020-02-21 10:08:09'),
(84, 'CNP', '2020-02-21 10:08:15', '2020-02-21 10:08:15'),
(85, 'SIKU', '2020-02-21 10:08:28', '2020-02-21 10:08:28'),
(86, 'SPANDEK', '2020-02-21 10:08:58', '2020-02-21 10:08:58'),
(87, 'BONDEK', '2020-02-21 10:09:08', '2020-02-21 10:09:08'),
(88, 'PLAT ESER GALVANIS', '2020-02-21 10:10:16', '2020-02-21 10:10:16'),
(89, 'PLAT ESER HITAM', '2020-02-21 10:10:23', '2020-02-21 10:10:23'),
(90, 'PAKU BETON', '2020-02-21 10:11:02', '2020-02-21 10:11:02'),
(91, 'PAKU BAJA', '2020-02-21 10:11:08', '2020-02-21 10:11:08'),
(92, 'PAKU GIPSUN', '2020-02-21 10:11:15', '2020-02-21 10:11:15'),
(93, 'PAKU RIPET', '2020-02-21 10:11:26', '2020-02-21 10:11:26'),
(94, 'PIPA MOTIF', '2020-02-21 10:13:02', '2020-02-21 10:13:02'),
(95, 'CINCIN CEBOLO', '2020-02-21 10:13:15', '2020-02-21 10:13:15'),
(96, 'CINCIN CALM', '2020-02-21 10:13:21', '2020-02-21 10:13:21'),
(97, 'PLAT BODRES', '2020-02-21 10:14:39', '2020-02-21 10:14:39'),
(98, 'GENTENG METAL', '2020-02-21 10:15:12', '2020-02-21 10:15:12'),
(99, 'GENTENG MINIMALIS', '2020-02-21 10:15:19', '2020-02-21 10:15:19'),
(100, 'HOLO GIPSUM', '2020-02-21 10:15:36', '2020-02-21 10:15:36'),
(101, 'RING BULAT', '2020-02-21 14:00:17', '2020-02-21 14:00:17'),
(102, 'KAIN POLES', '2020-02-21 14:00:24', '2020-02-21 14:00:24'),
(103, 'PIPA STAINLES', '2020-02-21 17:43:03', '2020-02-21 17:43:03'),
(104, 'CAT VINTAGE BROWN', '2020-02-21 19:07:30', '2020-02-21 19:07:30'),
(105, 'CAT OCEAN BLUE', '2020-02-21 19:07:42', '2020-02-21 19:07:42'),
(106, 'CAT BLOSSOM CREAM', '2020-02-21 19:07:54', '2020-02-21 19:07:54'),
(107, 'CAT SUPER GLOSS', '2020-02-21 19:08:22', '2020-02-21 19:08:22'),
(108, 'CAT SUPER DOFF', '2020-02-21 19:08:43', '2020-02-21 19:08:43'),
(109, 'CAT SILVER', '2020-02-21 19:08:55', '2020-02-21 19:08:55'),
(110, 'CAT PRIMER', '2020-02-21 19:09:03', '2020-02-21 19:09:03'),
(111, 'CAT SILVER METALLIC', '2020-02-21 19:09:39', '2020-02-21 19:09:39');

-- --------------------------------------------------------

--
-- Struktur dari tabel `kode`
--

CREATE TABLE `kode` (
  `id` int(11) NOT NULL,
  `kode` varchar(100) NOT NULL,
  `created` datetime NOT NULL DEFAULT current_timestamp(),
  `updated` datetime DEFAULT current_timestamp() ON UPDATE current_timestamp()
) ENGINE=InnoDB DEFAULT CHARSET=latin1;

--
-- Dumping data untuk tabel `kode`
--

INSERT INTO `kode` (`id`, `kode`, `created`, `updated`) VALUES
(1, 'MERAH (0.70)', '2020-02-21 10:58:41', '2020-02-21 10:58:41'),
(2, 'KUNING (0.80)', '2020-02-21 10:59:01', '2020-02-21 10:59:01'),
(3, 'HIJAU TUA (0.90)', '2020-02-21 10:59:22', '2020-02-21 10:59:22'),
(4, 'BIRU TUA (1.00)', '2020-02-21 10:59:43', '2020-02-21 10:59:43'),
(5, 'PINK (1.10)', '2020-02-21 10:59:58', '2020-02-21 10:59:58'),
(6, 'PUTIH (1.20)', '2020-02-21 11:00:19', '2020-02-21 11:00:19'),
(7, 'UNGU MUDA (1.30)', '2020-02-21 11:00:37', '2020-02-21 11:00:37'),
(8, 'COKLAT (1.70)', '2020-02-21 11:01:33', '2020-02-21 11:01:33'),
(9, 'HIJAU TENTARA (1.80)', '2020-02-21 11:01:55', '2020-02-21 11:01:55'),
(10, 'BIRU MUDA (2.0)', '2020-02-21 11:02:41', '2020-02-21 11:02:41'),
(11, 'BIRU MUDA (1.40)', '2020-02-21 11:03:50', '2020-02-21 11:04:34'),
(12, 'CREAM (1.50)', '2020-02-21 11:04:25', '2020-02-21 11:04:25'),
(13, 'ORANGE (2.30)', '2020-02-21 11:06:12', '2020-02-21 11:06:12'),
(14, 'PIT PEACH (519)', '2020-02-21 19:12:11', '2020-02-21 19:12:11'),
(15, 'ROSE MUSK (211)', '2020-02-21 19:12:32', '2020-02-21 19:12:32'),
(16, 'BOUGAINVILLE PINK (225)', '2020-02-21 19:12:59', '2020-02-21 19:12:59'),
(17, 'LAVENDER (412)', '2020-02-21 19:13:17', '2020-02-21 19:13:17'),
(18, 'ROSE PINK (201)', '2020-02-21 19:13:33', '2020-02-21 19:13:33'),
(19, 'CHERRY BLOSSOM (152)', '2020-02-21 19:13:55', '2020-02-21 19:13:55'),
(20, 'PLUM PINK (299)', '2020-02-21 19:14:04', '2020-02-21 19:14:04'),
(21, 'DAHLIA VIOLET (456)', '2020-02-21 19:14:18', '2020-02-21 19:14:18'),
(22, 'LIGHT GREY (680)', '2020-02-21 19:14:34', '2020-02-21 19:14:34'),
(23, 'PLATINUM GREY (684)', '2020-02-21 19:15:21', '2020-02-21 19:15:21'),
(24, 'SILVERY GREY (656)', '2020-02-21 19:15:40', '2020-02-21 19:15:40'),
(25, 'IRON GREY (628)', '2020-02-21 19:15:56', '2020-02-21 19:15:56'),
(26, 'GOLDEN HONEY (727)', '2020-02-21 19:16:29', '2020-02-21 19:16:29'),
(27, 'JATI (709)', '2020-02-21 19:16:40', '2020-02-21 19:16:40'),
(28, 'OCHRE BROWN (745)', '2020-02-21 19:16:59', '2020-02-21 19:16:59'),
(29, 'CHOPPER BROWN (738)', '2020-02-21 19:17:23', '2020-02-21 19:17:23'),
(30, 'SADDLE TAN (780)', '2020-02-21 19:17:39', '2020-02-21 19:17:39'),
(31, 'SUEDE (116)', '2020-02-21 19:17:58', '2020-02-21 19:17:58'),
(32, 'SEPIA BROWN (753)', '2020-02-21 19:18:14', '2020-02-21 19:18:14'),
(33, 'LEATHER (2037)', '2020-02-21 19:18:29', '2020-02-21 19:18:29'),
(34, 'ROSEWOOD (288)', '2020-02-21 19:18:40', '2020-02-21 19:18:40'),
(35, 'MAROON (273)', '2020-02-21 19:18:57', '2020-02-21 19:18:57'),
(36, 'ONYX GREY (673)', '2020-02-21 19:19:11', '2020-02-21 19:19:11'),
(37, 'ANTIQUE (781)', '2020-02-21 19:19:28', '2020-02-21 19:19:28'),
(38, 'BLACK (880)', '2020-02-21 19:19:37', '2020-02-21 19:19:37'),
(39, 'SKY VIEW BLUE (484)', '2020-02-21 19:20:18', '2020-02-21 19:20:18'),
(40, 'BABY BLUE (404)', '2020-02-21 19:20:30', '2020-02-21 19:20:30'),
(41, 'LIGHT BLUE (4-758)', '2020-02-21 19:20:53', '2020-02-21 19:20:53'),
(42, 'BRILLIANT BLUE (499)', '2020-02-21 19:21:09', '2020-02-21 19:21:09'),
(43, 'DIAMOND BLUE (467)', '2020-02-21 19:21:23', '2020-02-21 19:21:23'),
(44, 'NEPTUNE (2031)', '2020-02-21 19:21:50', '2020-02-21 19:21:50'),
(45, 'RIVER BLUE (477)', '2020-02-21 19:22:20', '2020-02-21 19:22:20'),
(46, 'SAPPHIRE BLUE (422)', '2020-02-21 19:22:32', '2020-02-21 19:22:32'),
(47, 'REGAL BLUE (613)', '2020-02-21 19:22:42', '2020-02-21 19:22:42'),
(48, 'PEACOCK BLUE (480)', '2020-02-21 19:23:02', '2020-02-21 19:23:02'),
(49, 'GENTIAN BLUE (3476)', '2020-02-21 19:23:35', '2020-02-21 19:23:35'),
(50, 'ADELINE (44182)', '2020-02-21 19:24:02', '2020-02-21 19:24:02'),
(51, 'MAGNOLIA (633)', '2020-02-21 19:24:16', '2020-02-21 19:24:16'),
(52, 'IVORY CREAM (581)', '2020-02-21 19:29:52', '2020-02-21 19:29:52'),
(53, 'OFF WHITE (181)', '2020-02-21 19:30:02', '2020-02-21 19:30:02'),
(54, 'IVORY (580)', '2020-02-21 19:30:13', '2020-02-21 19:30:13'),
(55, 'CREAM (582)', '2020-02-21 19:30:32', '2020-02-21 19:30:32'),
(56, 'PADI (2029)', '2020-02-21 19:30:45', '2020-02-21 19:30:45'),
(57, 'PEWTER (695)', '2020-02-21 19:31:00', '2020-02-21 19:31:00'),
(58, 'ASH GREY (681)', '2020-02-21 19:31:09', '2020-02-21 19:31:09'),
(59, 'WARM GREY (615)', '2020-02-21 19:31:25', '2020-02-21 19:31:25'),
(60, 'SUPER WHITE (180)', '2020-02-21 19:31:35', '2020-02-21 19:31:35'),
(61, 'BRILLIANT WHITE (290)', '2020-02-21 19:31:49', '2020-02-21 19:31:49'),
(62, 'TWILLIGHT BLUE (ZT 64)', '2020-02-21 19:32:47', '2020-02-21 19:32:47'),
(63, 'BRILLIANT WHITE (ZT 290)', '2020-02-21 19:33:03', '2020-02-21 19:33:03'),
(64, 'LIGHT GREY (ZT 680)', '2020-02-21 19:33:19', '2020-02-21 19:33:19'),
(65, 'OFF WHITE (ZT 181)', '2020-02-21 19:33:36', '2020-02-21 19:33:36'),
(66, 'PLATINUM GREY (ZT 684)', '2020-02-21 19:34:00', '2020-02-21 19:34:00'),
(67, 'IVORY (ZT 580)', '2020-02-21 19:34:15', '2020-02-21 19:34:15'),
(68, 'SILVERY GREY (ZT 656)', '2020-02-21 19:34:29', '2020-02-21 19:34:29'),
(69, 'CREAM (ZT 582)', '2020-02-21 19:34:41', '2020-02-21 19:34:41'),
(70, 'IRON GREY (ZT 628)', '2020-02-21 19:34:56', '2020-02-21 19:34:56'),
(71, 'LILY GREEN (ZT 345)', '2020-02-21 19:35:26', '2020-02-21 19:35:26'),
(72, 'LAVENDER (ZT 412)', '2020-02-21 19:35:39', '2020-02-21 19:35:39'),
(73, 'BUTLER CREAM (ZT 553)', '2020-02-21 19:37:26', '2020-02-21 19:37:26'),
(74, 'GOLDEN HONEY (ZT 727)', '2020-02-21 19:37:40', '2020-02-21 19:37:40'),
(75, 'APPLE GREEN (ZT 377)', '2020-02-21 19:37:51', '2020-02-21 19:37:51'),
(76, 'DAHLIA VIOLET (ZT 456)', '2020-02-21 19:38:12', '2020-02-21 19:38:12'),
(77, 'MARIGOLD YELLOW (ZT 567)', '2020-02-21 19:38:41', '2020-02-21 19:38:41'),
(78, 'JATI (ZT 709)', '2020-02-21 19:38:52', '2020-02-21 19:38:52'),
(79, 'BABY BLUE (ZT 404)', '2020-02-21 19:39:07', '2020-02-21 19:39:07'),
(80, 'LEMON YELLOW (ZT 500)', '2020-02-21 19:39:19', '2020-02-21 19:39:19'),
(81, 'SCARLET (ZT 234)', '2020-02-21 19:39:33', '2020-02-21 19:39:33'),
(82, 'OCHRE BROWN (ZT 745)', '2020-02-21 19:39:41', '2020-02-21 19:39:41'),
(83, 'DIAMOND BLUE (ZT 467)', '2020-02-21 19:39:52', '2020-02-21 19:39:52'),
(84, 'SADDLE TAN (ZT 780)', '2020-02-21 19:40:03', '2020-02-21 19:40:03'),
(85, 'FRESH LIME (ZT 360)', '2020-02-21 19:40:24', '2020-02-21 19:40:24'),
(86, 'FRESH LIME (ZT 360)', '2020-02-21 19:40:25', '2020-02-21 19:40:25'),
(87, 'TELKOM BLUE (ZT 98)', '2020-02-21 19:40:39', '2020-02-21 19:40:39'),
(88, 'ORANGE YELLOW (ZT 45)', '2020-02-21 19:41:01', '2020-02-21 19:41:01'),
(89, 'CHEERY RED (ZT 248)', '2020-02-21 19:41:20', '2020-02-21 19:41:20'),
(90, 'SUEDE (ZT 116)', '2020-02-21 19:41:27', '2020-02-21 19:41:27'),
(91, 'PALM GREEN (ZT 321)', '2020-02-21 19:41:44', '2020-02-21 19:41:44'),
(92, 'PEACOCK BLUE (ZT 480)', '2020-02-21 19:41:54', '2020-02-21 19:41:54'),
(93, 'PAPRIKA (ZT 2023)', '2020-02-21 19:42:05', '2020-02-21 19:42:05'),
(94, 'RUSTIC (ZT 2038)', '2020-02-21 19:42:22', '2020-02-21 19:42:22'),
(95, 'BATIK GREEN (ZT 359)', '2020-02-21 19:42:38', '2020-02-21 19:42:38'),
(96, 'LEATHER (ZT 2037)', '2020-02-21 19:42:50', '2020-02-21 19:42:50'),
(97, 'SUMATRA GREEN (ZT 382)', '2020-02-21 19:43:04', '2020-02-21 19:43:04'),
(98, 'GENTIAN BLUE (ZT 3476)', '2020-02-21 19:43:13', '2020-02-21 19:43:13'),
(99, 'INTERNATIONAL ORANGE (ZT 583)', '2020-02-21 19:43:32', '2020-02-21 19:43:32'),
(100, 'SUPER WHITE (180M)', '2020-02-21 19:44:22', '2020-02-21 19:44:22'),
(101, 'BLACK (880M)', '2020-02-21 19:44:48', '2020-02-21 19:44:48'),
(102, 'SILVER (685)', '2020-02-21 19:45:07', '2020-02-21 19:45:07'),
(103, 'SUEDE (ZT 154 M)', '2020-02-21 19:45:38', '2020-02-21 19:45:38'),
(104, 'LEATHER (ZT 2037 M)', '2020-02-21 19:45:48', '2020-02-21 19:45:48'),
(105, 'SILVER METALLIC (ZT 685)', '2020-02-21 19:46:27', '2020-02-21 19:46:27');

-- --------------------------------------------------------

--
-- Struktur dari tabel `satuan`
--

CREATE TABLE `satuan` (
  `id` int(11) NOT NULL,
  `satuan` varchar(30) NOT NULL,
  `created` datetime NOT NULL DEFAULT current_timestamp(),
  `updated` datetime NOT NULL DEFAULT current_timestamp() ON UPDATE current_timestamp()
) ENGINE=InnoDB DEFAULT CHARSET=latin1;

-- --------------------------------------------------------

--
-- Struktur dari tabel `transaksi`
--

CREATE TABLE `transaksi` (
  `id` int(11) NOT NULL,
  `id_kasir` int(11) NOT NULL,
  `tanggal_transaksi` date NOT NULL,
  `nama` varchar(100) NOT NULL,
  `alamat` text NOT NULL,
  `no_pelanggan` varchar(100) NOT NULL,
  `invoice` varchar(100) NOT NULL,
  `subtotal` varchar(100) NOT NULL,
  `diskon` varchar(11) NOT NULL,
  `hasildiskon` varchar(100) NOT NULL,
  `grandtotal` varchar(100) NOT NULL,
  `bayar` varchar(100) NOT NULL,
  `kembalian` varchar(100) NOT NULL,
  `created` datetime NOT NULL DEFAULT current_timestamp(),
  `update` datetime NOT NULL DEFAULT current_timestamp() ON UPDATE current_timestamp()
) ENGINE=InnoDB DEFAULT CHARSET=latin1;

--
-- Dumping data untuk tabel `transaksi`
--

INSERT INTO `transaksi` (`id`, `id_kasir`, `tanggal_transaksi`, `nama`, `alamat`, `no_pelanggan`, `invoice`, `subtotal`, `diskon`, `hasildiskon`, `grandtotal`, `bayar`, `kembalian`, `created`, `update`) VALUES
(293, 1, '2020-02-20', 'kocak', 'jln muhammad iwan 1 no 78', '07845854757', 'AJ200220151839', '2176932', '6', '130616', '2046316', '2050000', '3684', '2020-02-20 15:19:23', '2020-02-20 15:31:52'),
(294, 1, '2020-02-20', 'a', 'a', 'a', 'AJ200220152715', '354326', '0', '0', '354326', '355000', '674', '2020-02-20 15:27:48', '2020-02-20 15:43:33'),
(295, 1, '2020-02-21', 'asds', 'ds', 'sad', 'AJ210220102919', '69699', '7', '4879', '64820', '65000', '180', '2020-02-21 10:29:35', '2020-02-21 10:29:35'),
(296, 1, '2020-02-22', 'kocak gaming', 'jln Pasirluyu Utara, GG. H. hasanudin , Rt 003 rw 001 no 47a (kost kodir)', '23523523', 'AJ220220160059', '900000', '0', '0', '900000', '910000', '10000', '2020-02-22 16:01:42', '2020-02-22 16:04:23'),
(297, 1, '2020-02-23', 'kamuuuu yaaa', '500 Kingston RD Toronto', '08897693453', 'AJ230220172133', '890000', '5', '44500', '845500', '845500', '0', '2020-02-23 17:22:13', '2020-02-23 17:22:13'),
(298, 1, '2020-02-24', 'testing', 'testing', '24235432532', 'AJ240220111216', '644000', '0', '0', '644000', '645000', '1000', '2020-02-24 11:12:48', '2020-02-24 11:12:48'),
(299, 1, '2020-02-24', 'test', 'tesjuga', '97239235', 'AJ240220111448', '450000', '0', '0', '450000', '450000', '0', '2020-02-24 11:15:11', '2020-02-24 11:15:11'),
(301, 1, '2020-02-25', 'kacau ahh', 'kacau sangadd', '21542523', 'AJ250220125922', '129000', '0', '0', '129000', '130000', '1000', '2020-02-25 13:00:01', '2020-02-25 13:00:01'),
(302, 1, '2020-02-25', 'a', 'b', '23523523', 'AJ250220134223', '265000', '3', '7950', '257050', '260000', '2950', '2020-02-25 13:42:45', '2020-02-25 13:42:45'),
(303, 1, '2020-02-25', 'Aku dan kamu', '500 Kingston RD Toronto', '23523523', 'AJ250220192122', '174000', '0', '0', '174000', '175000', '1000', '2020-02-25 19:21:56', '2020-02-25 19:21:56'),
(307, 1, '2020-02-26', 'testt', 'tesetyy', '9757655', 'AJ260220114625', '405000', '3', '12150', '392850', '400000', '7150', '2020-02-26 11:47:37', '2020-02-26 11:47:37'),
(309, 1, '2020-02-27', '', '', '', 'AJ270220191041', '0', '0', '0', '0', '0', '0', '2020-02-27 19:10:43', '2020-02-27 19:10:43'),
(310, 1, '2020-02-27', 'a', 'a', 'a', 'AJ270220191332', '288000', '2', '5760', '282240', '283000', '760', '2020-02-27 19:14:01', '2020-02-27 19:14:01'),
(312, 1, '2020-02-27', 'kocak', 'jln Pasirluyu Utara, GG. H. hasanudin , Rt 003 rw 001 no 47a (kost kodir)', '23523523', 'AJ270220233738', '245000', '0', '0', '245000', '250000', '5000', '2020-02-27 23:37:55', '2020-02-27 23:37:55'),
(314, 1, '2020-02-28', 'adasfas', 'jln Pasirluyu Utara, GG. H. hasanudin , Rt 003 rw 001 no 47a (kost kodir)', 'a', 'AJ280220230011', '500000', '6', '30000', '470000', '470000', '0', '2020-02-28 23:00:30', '2020-02-28 23:00:30'),
(315, 1, '2020-02-29', 'namanyajugatestingkk', 'alamatiniberadaditestingan', '743906344', 'AJ290220134001', '265000', '30', '79500', '185500', '186000', '500', '2020-02-29 13:40:50', '2020-02-29 13:40:50'),
(321, 2, '2020-02-29', 'kasirtestingkk', 'alamatkasir', '973826423', 'AJ290220134451', '261000', '0', '0', '261000', '262000', '1000', '2020-02-29 13:45:28', '2020-02-29 13:45:28'),
(322, 2, '2020-03-04', 'andi', 'Jln.pasirkoja', '08723532353', 'AJ030320235537', '500000', '0', '0', '500000', '550000', '50000', '2020-03-04 01:29:46', '2020-03-04 01:29:46'),
(323, 1, '2020-03-10', 'testingmang', 'jln mangga', '0879902303', 'AJ100320005613', '448000', '4', '17920', '430080', '431000', '920', '2020-03-10 00:56:42', '2020-03-10 00:56:42'),
(324, 1, '2020-03-10', 'testinggggggg', 'gsahdafasasfasgfasg', '347347343', 'AJ100320012923', '496000', '0', '0', '496000', '496000', '0', '2020-03-10 01:29:51', '2020-03-10 01:29:51'),
(325, 1, '2020-03-10', 'kocak gaming', 'jln kocak', '0879356923', 'AJ100320013020', '240000', '0', '0', '240000', '240000', '0', '2020-03-10 01:30:47', '2020-03-10 01:30:47'),
(326, 1, '2020-03-10', 'pembelian hari ini', 'hari ini', '3253532532', 'AJ100320013130', '185000', '0', '0', '185000', '185000', '0', '2020-03-10 01:31:51', '2020-03-10 01:31:51');

-- --------------------------------------------------------

--
-- Struktur dari tabel `transaksi_detail`
--

CREATE TABLE `transaksi_detail` (
  `id` int(11) NOT NULL,
  `id_transaksi` int(11) NOT NULL,
  `id_barang` int(11) NOT NULL,
  `nama_barang` varchar(255) NOT NULL,
  `ukuran` varchar(100) NOT NULL,
  `kode` varchar(100) NOT NULL,
  `harga` varchar(100) NOT NULL,
  `jumlah_pembelian` varchar(100) NOT NULL,
  `satuan` varchar(11) NOT NULL,
  `subtotal` varchar(100) NOT NULL,
  `created` datetime NOT NULL DEFAULT current_timestamp(),
  `updated` datetime NOT NULL DEFAULT current_timestamp() ON UPDATE current_timestamp()
) ENGINE=InnoDB DEFAULT CHARSET=latin1;

--
-- Dumping data untuk tabel `transaksi_detail`
--

INSERT INTO `transaksi_detail` (`id`, `id_transaksi`, `id_barang`, `nama_barang`, `ukuran`, `kode`, `harga`, `jumlah_pembelian`, `satuan`, `subtotal`, `created`, `updated`) VALUES
(25, 122, 17, 'kayu', '', '', '23233', '2', 'LBR', '46466', '2020-02-19 17:22:09', '2020-02-19 17:46:35'),
(26, 122, 19, 'asfas', '', '', '32000', '5', 'PC', '160000', '2020-02-19 17:22:09', '2020-02-19 17:46:45'),
(27, 122, 20, 'dfds', '', '', '32432', '5', 'LBR', '162160', '2020-02-19 17:22:09', '2020-02-19 17:46:57'),
(28, 293, 17, 'kayu', '', '', '23233', '2', '', '46466', '2020-02-20 15:19:23', '2020-02-20 15:19:23'),
(29, 293, 19, 'asfas', '', '', '32000', '5', '', '160000', '2020-02-20 15:19:23', '2020-02-20 15:19:23'),
(30, 293, 24, 'dfsf', '', '', '32400', '5', '', '162000', '2020-02-20 15:19:23', '2020-02-20 15:19:23'),
(31, 293, 25, 'dsf', '', '', '240000', '3', '', '720000', '2020-02-20 15:19:23', '2020-02-20 15:19:23'),
(32, 294, 22, 'fsdf', '', '', '2342', '5', 'LBR', '11710', '2020-02-20 15:27:48', '2020-02-20 15:27:48'),
(33, 294, 18, 'besii', '', '', '22222', '4', 'PC', '88888', '2020-02-20 15:27:48', '2020-02-20 15:27:48'),
(34, 294, 21, 'dfsdfsd', '', '', '23432', '4', 'LBR', '93728', '2020-02-20 15:27:48', '2020-02-20 15:27:48'),
(35, 294, 23, 'dfsdsf', '', '', '32000', '5', 'PC', '160000', '2020-02-20 15:27:48', '2020-02-20 15:27:48'),
(36, 295, 17, 'kayu', '', '', '23233', '3', 'LBR', '69699', '2020-02-21 10:29:35', '2020-02-21 10:29:35'),
(37, 296, 32, 'CAT SILVER', '', 'SILVER METALLIC (ZT 685)', '60000', '5', 'LBR', '300000', '2020-02-22 16:01:42', '2020-02-22 16:01:42'),
(38, 296, 33, 'CAT SUPER GLOSS', '', 'TWILLIGHT BLUE (ZT 64)', '40000', '3', 'PC', '120000', '2020-02-22 16:01:42', '2020-02-22 16:01:42'),
(39, 296, 31, 'BEHEL', '1½', 'UNGU MUDA (1.30)', '30000', '1', 'LBR', '30000', '2020-02-22 16:01:42', '2020-02-22 16:01:42'),
(40, 297, 29, 'HOLLOW GALVANIS', '2 x 2', 'COKLAT (1.70)', '35000', '3', 'PC', '105000', '2020-02-23 17:22:13', '2020-02-23 17:22:13'),
(41, 297, 33, 'CAT SUPER GLOSS', '', 'TWILLIGHT BLUE (ZT 64)', '40000', '4', 'PC', '160000', '2020-02-23 17:22:13', '2020-02-23 17:22:13'),
(42, 297, 32, 'CAT SILVER', '', 'SILVER METALLIC (ZT 685)', '60000', '3', 'LBR', '180000', '2020-02-23 17:22:13', '2020-02-23 17:22:13'),
(43, 298, 32, 'CAT SILVER', '', 'SILVER METALLIC (ZT 685)', '60000', '5', 'LBR', '300000', '2020-02-24 11:12:48', '2020-02-24 11:12:48'),
(44, 298, 33, 'CAT SUPER GLOSS', '', 'TWILLIGHT BLUE (ZT 64)', '40000', '5', 'PC', '200000', '2020-02-24 11:12:48', '2020-02-24 11:12:48'),
(45, 298, 30, 'PIPA HITAM', 'SEDANG', '', '24000', '6', 'PC', '144000', '2020-02-24 11:12:48', '2020-02-24 11:12:48'),
(46, 299, 32, 'CAT SILVER', '', 'SILVER METALLIC (ZT 685)', '60000', '5', 'LBR', '300000', '2020-02-24 11:15:11', '2020-02-24 11:15:11'),
(47, 299, 33, 'CAT SUPER GLOSS', '', 'TWILLIGHT BLUE (ZT 64)', '40000', '3', 'PC', '120000', '2020-02-24 11:15:11', '2020-02-24 11:15:11'),
(48, 299, 31, 'BEHEL', '1½', 'UNGU MUDA (1.30)', '30000', '1', 'LBR', '30000', '2020-02-24 11:15:11', '2020-02-24 11:15:11'),
(49, 301, 30, 'PIPA HITAM', 'SEDANG', '', '24000', '1', 'PC', '24000', '2020-02-25 13:00:01', '2020-02-25 13:00:01'),
(50, 301, 29, 'HOLLOW GALVANIS', '2 x 2', 'COKLAT (1.70)', '35000', '3', 'PC', '105000', '2020-02-25 13:00:01', '2020-02-25 13:00:01'),
(51, 302, 29, 'HOLLOW GALVANIS', '2 x 2', 'COKLAT (1.70)', '35000', '5', 'PC', '175000', '2020-02-25 13:42:45', '2020-02-25 13:42:45'),
(52, 302, 31, 'BEHEL', '1½', 'UNGU MUDA (1.30)', '30000', '3', 'LBR', '90000', '2020-02-25 13:42:45', '2020-02-25 13:42:45'),
(53, 303, 31, 'BEHEL', '1½', 'UNGU MUDA (1.30)', '30000', '5', 'LBR', '150000', '2020-02-25 19:21:56', '2020-02-25 19:21:56'),
(54, 303, 30, 'PIPA HITAM', 'SEDANG', '', '24000', '1', 'PC', '24000', '2020-02-25 19:21:56', '2020-02-25 19:21:56'),
(55, 307, 28, 'HOLLOW HITAM', '4 x 6', 'ROSE PINK (201)', '100000', '3', 'PC', '300000', '2020-02-26 11:47:37', '2020-02-26 11:47:37'),
(56, 307, 29, 'HOLLOW GALVANIS', '2 x 2', 'COKLAT (1.70)', '35000', '3', 'PC', '105000', '2020-02-26 11:47:37', '2020-02-26 11:47:37'),
(57, 308, 28, 'HOLLOW HITAM', '4 x 6', 'ROSE PINK (201)', '100000', '5', 'PC', '500000', '2020-02-27 19:10:38', '2020-02-27 19:10:38'),
(58, 308, 29, 'HOLLOW GALVANIS', '2 x 2', 'COKLAT (1.70)', '35000', '5', 'PC', '175000', '2020-02-27 19:10:38', '2020-02-27 19:10:38'),
(59, 310, 30, 'PIPA HITAM', 'SEDANG', '', '24000', '2', 'PC', '48000', '2020-02-27 19:14:01', '2020-02-27 19:14:01'),
(60, 310, 32, 'CAT SILVER', '', 'SILVER METALLIC (ZT 685)', '60000', '4', 'LBR', '240000', '2020-02-27 19:14:01', '2020-02-27 19:14:01'),
(61, 312, 29, 'HOLLOW GALVANIS', '2 x 2', 'COKLAT (1.70)', '35000', '5', 'PC', '175000', '2020-02-27 23:37:55', '2020-02-27 23:37:55'),
(62, 312, 33, 'CAT SUPER GLOSS', '', 'TWILLIGHT BLUE (ZT 64)', '40000', '1', 'PC', '40000', '2020-02-27 23:37:55', '2020-02-27 23:37:55'),
(63, 312, 31, 'BEHEL', '1½', 'UNGU MUDA (1.30)', '30000', '1', 'LBR', '30000', '2020-02-27 23:37:55', '2020-02-27 23:37:55'),
(64, 314, 28, 'HOLLOW HITAM', '4 x 6', 'ROSE PINK (201)', '100000', '5', 'PC', '500000', '2020-02-28 23:00:30', '2020-02-28 23:00:30'),
(65, 315, 29, 'HOLLOW GALVANIS', '2 x 2', 'COKLAT (1.70)', '35000', '5', 'PC', '175000', '2020-02-29 13:40:50', '2020-02-29 13:40:50'),
(66, 315, 31, 'BEHEL', '1½', 'UNGU MUDA (1.30)', '30000', '1', 'LBR', '30000', '2020-02-29 13:40:50', '2020-02-29 13:40:50'),
(67, 315, 32, 'CAT SILVER', '', 'SILVER METALLIC (ZT 685)', '60000', '1', 'LBR', '60000', '2020-02-29 13:40:50', '2020-02-29 13:40:50'),
(68, 321, 29, 'HOLLOW GALVANIS', '2 x 2', 'COKLAT (1.70)', '35000', '3', 'PC', '105000', '2020-02-29 13:45:28', '2020-02-29 13:45:28'),
(69, 321, 30, 'PIPA HITAM', 'SEDANG', '', '24000', '4', 'PC', '96000', '2020-02-29 13:45:28', '2020-02-29 13:45:28'),
(70, 321, 31, 'BEHEL', '1½', 'UNGU MUDA (1.30)', '30000', '2', 'LBR', '60000', '2020-02-29 13:45:28', '2020-02-29 13:45:28'),
(71, 322, 28, 'HOLLOW HITAM', '4 x 6', 'ROSE PINK (201)', '100000', '5', 'PC', '500000', '2020-03-04 01:29:46', '2020-03-04 01:29:46'),
(72, 323, 28, 'HOLLOW HITAM', '4 x 6', 'ROSE PINK (201)', '100000', '4', 'PC', '400000', '2020-03-10 00:56:42', '2020-03-10 00:56:42'),
(73, 323, 30, 'PIPA HITAM', 'SEDANG', '', '24000', '2', 'PC', '48000', '2020-03-10 00:56:42', '2020-03-10 00:56:42'),
(74, 324, 28, 'HOLLOW HITAM', '4 x 6', 'ROSE PINK (201)', '100000', '4', 'PC', '400000', '2020-03-10 01:29:51', '2020-03-10 01:29:51'),
(75, 324, 30, 'PIPA HITAM', 'SEDANG', '', '24000', '4', 'PC', '96000', '2020-03-10 01:29:51', '2020-03-10 01:29:51'),
(76, 325, 30, 'PIPA HITAM', 'SEDANG', '', '24000', '10', 'PC', '240000', '2020-03-10 01:30:47', '2020-03-10 01:30:47'),
(77, 326, 29, 'HOLLOW GALVANIS', '2 x 2', 'COKLAT (1.70)', '35000', '1', 'PC', '35000', '2020-03-10 01:31:51', '2020-03-10 01:31:51'),
(78, 326, 31, 'BEHEL', '1½', 'UNGU MUDA (1.30)', '30000', '1', 'LBR', '30000', '2020-03-10 01:31:51', '2020-03-10 01:31:51'),
(79, 326, 32, 'CAT SILVER', '', 'SILVER METALLIC (ZT 685)', '60000', '2', 'LBR', '120000', '2020-03-10 01:31:51', '2020-03-10 01:31:51');

-- --------------------------------------------------------

--
-- Struktur dari tabel `ukuran`
--

CREATE TABLE `ukuran` (
  `id` int(11) NOT NULL,
  `ukuran` varchar(100) NOT NULL,
  `created` datetime NOT NULL DEFAULT current_timestamp(),
  `updated` datetime NOT NULL DEFAULT current_timestamp() ON UPDATE current_timestamp()
) ENGINE=InnoDB DEFAULT CHARSET=latin1;

--
-- Dumping data untuk tabel `ukuran`
--

INSERT INTO `ukuran` (`id`, `ukuran`, `created`, `updated`) VALUES
(1, '6', '2020-02-21 13:48:09', '2020-02-21 13:52:02'),
(2, '8', '2020-02-21 13:52:11', '2020-02-21 13:52:11'),
(3, '10', '2020-02-21 13:52:18', '2020-02-21 13:52:18'),
(4, '12', '2020-02-21 13:52:27', '2020-02-21 13:52:27'),
(5, '13 URIL', '2020-02-21 13:52:35', '2020-02-21 13:53:09'),
(6, '16 POLOS', '2020-02-21 13:52:53', '2020-02-21 13:52:53'),
(7, '16 URIL', '2020-02-21 13:53:00', '2020-02-21 13:53:00'),
(8, 'KECIL 2.4M', '2020-02-21 13:53:39', '2020-02-21 13:53:39'),
(9, 'BESAR 2.4M', '2020-02-21 13:53:46', '2020-02-21 13:53:46'),
(10, '3M', '2020-02-21 13:54:53', '2020-02-21 13:54:53'),
(11, '2.4M', '2020-02-21 13:54:59', '2020-02-21 13:54:59'),
(12, '1.4 x 2.4 M', '2020-02-21 13:55:20', '2020-02-21 13:55:20'),
(13, '3 x 3 ', '2020-02-21 13:55:40', '2020-02-21 13:55:40'),
(14, '7', '2020-02-21 13:55:51', '2020-02-21 13:55:51'),
(15, 'BIASA', '2020-02-21 13:56:01', '2020-02-21 13:56:01'),
(16, 'SEDANG', '2020-02-21 13:56:05', '2020-02-21 13:56:05'),
(17, 'KECIL', '2020-02-21 13:56:27', '2020-02-21 13:56:27'),
(18, '4 x 4', '2020-02-21 13:57:05', '2020-02-21 13:57:05'),
(19, '4 x 6', '2020-02-21 13:57:13', '2020-02-21 13:57:13'),
(20, '2 x 2', '2020-02-21 13:57:18', '2020-02-21 13:57:18'),
(21, '2 x 4', '2020-02-21 13:57:26', '2020-02-21 13:57:26'),
(22, '304', '2020-02-21 13:57:49', '2020-02-21 13:57:49'),
(23, '201', '2020-02-21 13:57:52', '2020-02-21 13:57:52'),
(24, '2\"', '2020-02-21 13:58:03', '2020-02-21 13:58:03'),
(25, '2½\"', '2020-02-21 13:59:24', '2020-02-21 13:59:52'),
(26, '1½\"', '2020-02-21 13:59:35', '2020-02-21 14:00:00'),
(27, '1\"', '2020-02-21 14:00:56', '2020-02-21 14:00:56'),
(28, '5/8', '2020-02-21 14:01:05', '2020-02-21 14:01:05'),
(29, '3/4', '2020-02-21 14:01:11', '2020-02-21 14:01:11'),
(30, '4\"', '2020-02-21 14:01:23', '2020-02-21 14:01:23'),
(31, '5\"', '2020-02-21 14:01:27', '2020-02-21 14:01:27'),
(32, '6\"', '2020-02-21 14:01:31', '2020-02-21 14:01:31'),
(33, '3\"', '2020-02-21 14:01:39', '2020-02-21 14:01:39'),
(34, '1kg', '2020-02-21 14:02:05', '2020-02-21 14:03:05'),
(35, '1/4kg', '2020-02-21 14:02:13', '2020-02-21 14:03:09'),
(36, '15 x 15', '2020-02-21 17:18:35', '2020-02-21 17:18:35'),
(37, '15 x 30 ', '2020-02-21 17:18:44', '2020-02-21 17:18:44'),
(38, '4 x 8', '2020-02-21 17:19:23', '2020-02-21 17:19:23'),
(39, '2.5 x 2.5', '2020-02-21 17:20:04', '2020-02-21 17:20:04'),
(40, '1.5 ml', '2020-02-21 17:20:36', '2020-02-21 17:20:36'),
(41, '2 ml', '2020-02-21 17:20:47', '2020-02-21 17:20:47'),
(42, '3 ml', '2020-02-21 17:21:04', '2020-02-21 17:21:04'),
(43, '3.5 ml', '2020-02-21 17:21:11', '2020-02-21 17:21:11'),
(44, '4 ml', '2020-02-21 17:21:21', '2020-02-21 17:21:21'),
(45, '4.5 ml', '2020-02-21 17:21:28', '2020-02-21 17:21:28'),
(46, '5 ml', '2020-02-21 17:21:35', '2020-02-21 17:21:35'),
(47, ' 6 ml', '2020-02-21 17:21:39', '2020-02-21 17:21:44'),
(48, '8 ml', '2020-02-21 17:21:57', '2020-02-21 17:21:57'),
(49, '10 ml', '2020-02-21 17:22:07', '2020-02-21 17:22:07'),
(50, '12 ml', '2020-02-21 17:22:10', '2020-02-21 17:22:10'),
(51, '14 ml', '2020-02-21 17:22:14', '2020-02-21 17:22:14'),
(52, '1¼\"', '2020-02-21 17:23:20', '2020-02-21 17:23:28'),
(53, '2¼', '2020-02-21 17:24:07', '2020-02-21 17:24:07'),
(54, '20 x 5 x 5.7', '2020-02-21 17:24:29', '2020-02-21 17:24:29'),
(55, '25 x 5', '2020-02-21 17:24:40', '2020-02-21 17:24:40'),
(56, '30 x 5', '2020-02-21 17:24:48', '2020-02-21 17:24:48'),
(57, '40 x 5', '2020-02-21 17:24:55', '2020-02-21 17:24:55'),
(58, '3/4\"', '2020-02-21 17:25:38', '2020-02-21 17:25:38'),
(59, '5 x 5', '2020-02-21 17:27:21', '2020-02-21 17:27:21'),
(60, '3 x 6', '2020-02-21 17:27:37', '2020-02-21 17:27:37'),
(63, '50', '2020-02-21 17:29:34', '2020-02-21 17:29:34'),
(64, '65', '2020-02-21 17:29:41', '2020-02-21 17:29:41'),
(65, '80', '2020-02-21 17:29:46', '2020-02-21 17:29:46'),
(66, '100', '2020-02-21 17:29:50', '2020-02-21 17:29:50'),
(67, '75 x 35 x 1.6 mm', '2020-02-21 17:30:06', '2020-02-21 17:30:06'),
(68, '75 x 35 x 2.0 mm', '2020-02-21 17:31:22', '2020-02-21 17:31:22'),
(69, '75 x 45 x 1.0 mm', '2020-02-21 17:31:37', '2020-02-21 17:31:37'),
(70, '100 x 50 x 20 x 1.2 mm', '2020-02-21 17:32:04', '2020-02-21 17:32:04'),
(71, '100 x 50 x 20 x 1.0 mm', '2020-02-21 17:32:14', '2020-02-21 17:32:14'),
(72, '125 x 50 x 20 x 1.0 mm', '2020-02-21 17:32:38', '2020-02-21 17:32:38'),
(73, '125 x 50 x 20 x 1.2 mm', '2020-02-21 17:32:45', '2020-02-21 17:32:45'),
(74, '3', '2020-02-21 17:33:13', '2020-02-21 17:33:13'),
(75, '4', '2020-02-21 17:33:18', '2020-02-21 17:33:18'),
(76, '5', '2020-02-21 17:33:25', '2020-02-21 17:33:25'),
(77, '3 x 9', '2020-02-21 17:33:58', '2020-02-21 17:33:58'),
(78, '0.25 x 4 m', '2020-02-21 17:34:34', '2020-02-21 17:34:34'),
(79, '0.25 x 5 m', '2020-02-21 17:34:54', '2020-02-21 17:34:54'),
(80, '0.25 x 6 m', '2020-02-21 17:34:59', '2020-02-21 17:34:59'),
(81, '0.30 x 4 m', '2020-02-21 17:35:16', '2020-02-21 17:35:16'),
(82, '0.30 x 5 m', '2020-02-21 17:35:22', '2020-02-21 17:35:22'),
(83, '0.30 x 6 m', '2020-02-21 17:35:29', '2020-02-21 17:35:29'),
(84, '0.60', '2020-02-21 17:35:42', '2020-02-21 17:35:42'),
(85, '0.65', '2020-02-21 17:35:53', '2020-02-21 17:35:53'),
(86, '0.7', '2020-02-21 17:35:58', '2020-02-21 17:35:58'),
(87, '0.75', '2020-02-21 17:36:03', '2020-02-21 17:36:03'),
(88, 'BAGUS', '2020-02-21 17:36:22', '2020-02-21 17:36:22'),
(89, '0.3 x 4 m', '2020-02-21 17:37:08', '2020-02-21 17:37:08'),
(90, '0.3 x 5 m', '2020-02-21 17:37:13', '2020-02-21 17:37:13'),
(91, '0.3 x 6 m', '2020-02-21 17:37:22', '2020-02-21 17:37:22'),
(92, '6 x 1', '2020-02-21 17:38:30', '2020-02-21 17:38:30'),
(93, '2.5 cm', '2020-02-21 17:38:39', '2020-02-21 17:38:39'),
(94, '5 cm', '2020-02-21 17:38:44', '2020-02-21 17:38:44'),
(95, '7 cm', '2020-02-21 17:38:49', '2020-02-21 17:38:49'),
(96, '6 x 25', '2020-02-21 17:40:10', '2020-02-21 17:40:10'),
(97, '6 x 35', '2020-02-21 17:40:18', '2020-02-21 17:40:18'),
(98, '6 x 70', '2020-02-21 17:40:24', '2020-02-21 17:40:24'),
(99, '8 x 25', '2020-02-21 17:40:33', '2020-02-21 17:40:33'),
(100, '8 x 35', '2020-02-21 17:40:43', '2020-02-21 17:40:43'),
(101, '10 x 25', '2020-02-21 17:40:51', '2020-02-21 17:40:51'),
(102, '10 x 35', '2020-02-21 17:40:59', '2020-02-21 17:40:59'),
(103, '12 x 25', '2020-02-21 17:41:07', '2020-02-21 17:41:07'),
(104, ' 12 x 35', '2020-02-21 17:41:16', '2020-02-21 17:41:16'),
(105, '5 x 10', '2020-02-21 17:42:08', '2020-02-21 17:42:08');

--
-- Indexes for dumped tables
--

--
-- Indeks untuk tabel `admin`
--
ALTER TABLE `admin`
  ADD PRIMARY KEY (`id`);

--
-- Indeks untuk tabel `barang`
--
ALTER TABLE `barang`
  ADD PRIMARY KEY (`id`);

--
-- Indeks untuk tabel `kategori`
--
ALTER TABLE `kategori`
  ADD PRIMARY KEY (`id`);

--
-- Indeks untuk tabel `kode`
--
ALTER TABLE `kode`
  ADD PRIMARY KEY (`id`);

--
-- Indeks untuk tabel `satuan`
--
ALTER TABLE `satuan`
  ADD PRIMARY KEY (`id`);

--
-- Indeks untuk tabel `transaksi`
--
ALTER TABLE `transaksi`
  ADD PRIMARY KEY (`id`),
  ADD UNIQUE KEY `invoice` (`invoice`);

--
-- Indeks untuk tabel `transaksi_detail`
--
ALTER TABLE `transaksi_detail`
  ADD PRIMARY KEY (`id`);

--
-- Indeks untuk tabel `ukuran`
--
ALTER TABLE `ukuran`
  ADD PRIMARY KEY (`id`);

--
-- AUTO_INCREMENT untuk tabel yang dibuang
--

--
-- AUTO_INCREMENT untuk tabel `admin`
--
ALTER TABLE `admin`
  MODIFY `id` int(11) NOT NULL AUTO_INCREMENT, AUTO_INCREMENT=8;

--
-- AUTO_INCREMENT untuk tabel `barang`
--
ALTER TABLE `barang`
  MODIFY `id` int(11) NOT NULL AUTO_INCREMENT, AUTO_INCREMENT=35;

--
-- AUTO_INCREMENT untuk tabel `kategori`
--
ALTER TABLE `kategori`
  MODIFY `id` int(11) NOT NULL AUTO_INCREMENT, AUTO_INCREMENT=113;

--
-- AUTO_INCREMENT untuk tabel `kode`
--
ALTER TABLE `kode`
  MODIFY `id` int(11) NOT NULL AUTO_INCREMENT, AUTO_INCREMENT=107;

--
-- AUTO_INCREMENT untuk tabel `satuan`
--
ALTER TABLE `satuan`
  MODIFY `id` int(11) NOT NULL AUTO_INCREMENT;

--
-- AUTO_INCREMENT untuk tabel `transaksi`
--
ALTER TABLE `transaksi`
  MODIFY `id` int(11) NOT NULL AUTO_INCREMENT, AUTO_INCREMENT=327;

--
-- AUTO_INCREMENT untuk tabel `transaksi_detail`
--
ALTER TABLE `transaksi_detail`
  MODIFY `id` int(11) NOT NULL AUTO_INCREMENT, AUTO_INCREMENT=80;

--
-- AUTO_INCREMENT untuk tabel `ukuran`
--
ALTER TABLE `ukuran`
  MODIFY `id` int(11) NOT NULL AUTO_INCREMENT, AUTO_INCREMENT=107;
COMMIT;

/*!40101 SET CHARACTER_SET_CLIENT=@OLD_CHARACTER_SET_CLIENT */;
/*!40101 SET CHARACTER_SET_RESULTS=@OLD_CHARACTER_SET_RESULTS */;
/*!40101 SET COLLATION_CONNECTION=@OLD_COLLATION_CONNECTION */;
